-- phpMyAdmin SQL Dump
-- version 5.2.0
-- https://www.phpmyadmin.net/
--
-- Host: 127.0.0.1
-- Generation Time: Mar 03, 2023 at 07:43 AM
-- Server version: 10.4.27-MariaDB
-- PHP Version: 8.1.12

SET SQL_MODE = "NO_AUTO_VALUE_ON_ZERO";
START TRANSACTION;
SET time_zone = "+00:00";


/*!40101 SET @OLD_CHARACTER_SET_CLIENT=@@CHARACTER_SET_CLIENT */;
/*!40101 SET @OLD_CHARACTER_SET_RESULTS=@@CHARACTER_SET_RESULTS */;
/*!40101 SET @OLD_COLLATION_CONNECTION=@@COLLATION_CONNECTION */;
/*!40101 SET NAMES utf8mb4 */;

--
-- Database: `dbspp`
--

-- --------------------------------------------------------

--
-- Table structure for table `kelas`
--

CREATE TABLE `kelas` (
  `id_kelas` int(11) NOT NULL,
  `nama_kelas` varchar(10) NOT NULL,
  `kompetensi_keahlian` varchar(50) NOT NULL
) ENGINE=InnoDB DEFAULT CHARSET=utf8mb4 COLLATE=utf8mb4_general_ci;

--
-- Dumping data for table `kelas`
--

INSERT INTO `kelas` (`id_kelas`, `nama_kelas`, `kompetensi_keahlian`) VALUES
(1, 'x', 'rpl'),
(4, 'XII', 'RPL 1'),
(5, 'XII', 'TKJ');

-- --------------------------------------------------------

--
-- Table structure for table `pembayaran`
--

CREATE TABLE `pembayaran` (
  `id_pembayaran` int(11) NOT NULL,
  `id_petugas` int(11) NOT NULL,
  `nisn` varchar(10) NOT NULL,
  `tgl_bayar` date NOT NULL,
  `bulan_dibayar` varchar(8) NOT NULL,
  `tahun_dibayar` varchar(4) NOT NULL,
  `id_spp` int(11) NOT NULL,
  `jumlah_bayar` int(11) NOT NULL
) ENGINE=InnoDB DEFAULT CHARSET=utf8mb4 COLLATE=utf8mb4_general_ci;

--
-- Dumping data for table `pembayaran`
--

INSERT INTO `pembayaran` (`id_pembayaran`, `id_petugas`, `nisn`, `tgl_bayar`, `bulan_dibayar`, `tahun_dibayar`, `id_spp`, `jumlah_bayar`) VALUES
(1, 1, '123456', '2023-02-13', 'Januari', '2023', 1, 200000),
(2, 1, '123456', '2023-02-13', 'Februari', '2023', 1, 200000),
(3, 2, '123456', '2023-02-13', 'Maret', '2023', 1, 300000),
(5, 2, '12344', '2023-02-13', 'Januari', '2023', 1, 1000000),
(6, 1, '123456', '2023-02-27', 'April', '2023', 1, 500000),
(7, 1, '12344', '2023-03-01', 'April', '2023', 1, 300000),
(8, 1, '112233', '2023-03-02', 'Januari', '2023', 5, 250000),
(9, 1, '112233', '2023-03-02', 'Februari', '2023', 5, 200000),
(10, 1, '112233', '2023-03-02', 'Maret', '2023', 5, 300000),
(11, 1, '112233', '2023-03-02', 'April', '2023', 5, 250000),
(12, 1, '123456', '2023-03-02', 'Mei', '2023', 1, 300000);

-- --------------------------------------------------------

--
-- Table structure for table `petugas`
--

CREATE TABLE `petugas` (
  `id_petugas` int(11) NOT NULL,
  `username` varchar(25) NOT NULL,
  `password` varchar(32) NOT NULL,
  `nama_petugas` varchar(35) NOT NULL,
  `level` enum('admin','petugas') NOT NULL
) ENGINE=InnoDB DEFAULT CHARSET=utf8mb4 COLLATE=utf8mb4_general_ci;

--
-- Dumping data for table `petugas`
--

INSERT INTO `petugas` (`id_petugas`, `username`, `password`, `nama_petugas`, `level`) VALUES
(1, 'admin', '21232f297a57a5a743894a0e4a801fc3', 'administrator', 'admin'),
(2, 'petugas', 'afb91ef692fd08c445e8cb1bab2ccf9c', 'petugas', 'petugas'),
(5, 'petugas2', 'ac5604a8b8504d4ff5b842480df02e91', 'petugas2', 'petugas');

-- --------------------------------------------------------

--
-- Table structure for table `siswa`
--

CREATE TABLE `siswa` (
  `nisn` int(10) NOT NULL,
  `nis` char(10) NOT NULL,
  `nama` varchar(40) NOT NULL,
  `id_kelas` int(11) NOT NULL,
  `alamat` text NOT NULL,
  `no_telp` varchar(13) NOT NULL,
  `id_spp` int(11) NOT NULL
) ENGINE=InnoDB DEFAULT CHARSET=utf8mb4 COLLATE=utf8mb4_general_ci;

--
-- Dumping data for table `siswa`
--

INSERT INTO `siswa` (`nisn`, `nis`, `nama`, `id_kelas`, `alamat`, `no_telp`, `id_spp`) VALUES
(12344, '12344', 'najm', 1, 'kamboja', '1153', 1),
(112233, '112233', 'agil', 5, 'kulim', '1153141', 5),
(123456, '12345', 'fathur3', 4, 'eg q fq', '1813', 1);

-- --------------------------------------------------------

--
-- Table structure for table `spp`
--

CREATE TABLE `spp` (
  `id_spp` int(11) NOT NULL,
  `tahun` int(11) NOT NULL,
  `nominal` int(11) NOT NULL
) ENGINE=InnoDB DEFAULT CHARSET=utf8mb4 COLLATE=utf8mb4_general_ci;

--
-- Dumping data for table `spp`
--

INSERT INTO `spp` (`id_spp`, `tahun`, `nominal`) VALUES
(1, 2023, 1700000),
(5, 2023, 2000000);

--
-- Indexes for dumped tables
--

--
-- Indexes for table `kelas`
--
ALTER TABLE `kelas`
  ADD PRIMARY KEY (`id_kelas`);

--
-- Indexes for table `pembayaran`
--
ALTER TABLE `pembayaran`
  ADD PRIMARY KEY (`id_pembayaran`);

--
-- Indexes for table `petugas`
--
ALTER TABLE `petugas`
  ADD PRIMARY KEY (`id_petugas`);

--
-- Indexes for table `siswa`
--
ALTER TABLE `siswa`
  ADD PRIMARY KEY (`nisn`);

--
-- Indexes for table `spp`
--
ALTER TABLE `spp`
  ADD PRIMARY KEY (`id_spp`);

--
-- AUTO_INCREMENT for dumped tables
--

--
-- AUTO_INCREMENT for table `kelas`
--
ALTER TABLE `kelas`
  MODIFY `id_kelas` int(11) NOT NULL AUTO_INCREMENT, AUTO_INCREMENT=6;

--
-- AUTO_INCREMENT for table `pembayaran`
--
ALTER TABLE `pembayaran`
  MODIFY `id_pembayaran` int(11) NOT NULL AUTO_INCREMENT, AUTO_INCREMENT=13;

--
-- AUTO_INCREMENT for table `petugas`
--
ALTER TABLE `petugas`
  MODIFY `id_petugas` int(11) NOT NULL AUTO_INCREMENT, AUTO_INCREMENT=6;

--
-- AUTO_INCREMENT for table `siswa`
--
ALTER TABLE `siswa`
  MODIFY `nisn` int(10) NOT NULL AUTO_INCREMENT, AUTO_INCREMENT=1234568;

--
-- AUTO_INCREMENT for table `spp`
--
ALTER TABLE `spp`
  MODIFY `id_spp` int(11) NOT NULL AUTO_INCREMENT, AUTO_INCREMENT=6;
COMMIT;

/*!40101 SET CHARACTER_SET_CLIENT=@OLD_CHARACTER_SET_CLIENT */;
/*!40101 SET CHARACTER_SET_RESULTS=@OLD_CHARACTER_SET_RESULTS */;
/*!40101 SET COLLATION_CONNECTION=@OLD_COLLATION_CONNECTION */;
